customer_id,id,purchase_ts,product_id,product_name,currency,local_price,usd_price,purchase_platform
29bb865f,302cc84b78519879,03/03/2021,03ca,Apple Airpods Headphones,ILS,449.9,135.57,website
c79310ae,68af2a1a9a284423,14/11/2019,03ca,Apple Airpods Headphones,EUR,99.9,108.58,website
337a5c9b,6fe8f2a20a523891,30/01/2021,03ca,Apple Airpods Headphones,USD,119.9,119.9,website
90411b85,e8f07f649f561214,06/07/2020,03ca,Apple Airpods Headphones,USD,119.9,119.9,website
adb0306e,eba06166e0473612,17/06/2021,03ca,Apple Airpods Headphones,USD,119.9,119.9,website
fbebbfa6,2ad1c435942106403,23/02/2020,03ca,Apple Airpods Headphones,USD,119.9,119.9,website
adbfbc3d,588a751e2d073634,17/05/2020,04ac,ThinkPad Laptop,USD,929.5,929.5,website
6.8572E+83,1a0f82b2cd63042,29/11/2020,04ac,ThinkPad Laptop,USD,898.5,898.5,website
0ee15508,f1c960173ff9119,19/06/2021,04ac,ThinkPad Laptop,USD,898.5,898.5,website
140f99b1,7317c317e2a11205,20/07/2022,04ac,ThinkPad Laptop,USD,898.5,898.5,website
1acd9e04,aa45d13b30d13916,07/01/2021,04ac,ThinkPad Laptop,USD,898.5,898.5,website
1bcc0161,7010175a3a914325,03/02/2021,04ac,ThinkPad Laptop,USD,898.5,898.5,website
2bc7a38d,793ca46641520710,26/01/2020,04ac,ThinkPad Laptop,USD,898.5,898.5,website
32c09901,8655259baa423613,14/04/2021,04ac,ThinkPad Laptop,USD,898.5,898.5,website
344adf4d,1629de2a68d24207,04/12/2019,04ac,ThinkPad Laptop,USD,898.5,898.5,website
3e75e7fb,fa70ae23e8628316,13/08/2020,04ac,ThinkPad Laptop,USD,898.5,898.5,website
41eb6d74,c2bd421577229762,01/03/2021,04ac,ThinkPad Laptop,USD,898.5,898.5,website
59a6b8a2,6179cfa781639185,27/10/2019,04ac,ThinkPad Laptop,USD,898.5,898.5,website
5f75ab39,304639fa70441570,23/07/2019,04ac,ThinkPad Laptop,USD,898.5,898.5,website
5f75ab39,304639fa70441571,23/07/2019,04ac,ThinkPad Laptop,USD,898.5,898.5,website
644c8a05,d383989630e43409,30/09/2022,04ac,ThinkPad Laptop,USD,898.5,898.5,website
8c14e493,99d747a200159508,11/08/2020,04ac,ThinkPad Laptop,USD,898.5,898.5,website
8c14e493,99d747a200159509,11/08/2020,04ac,ThinkPad Laptop,USD,898.5,898.5,website
9445edf3,c61969da08c62832,29/08/2020,04ac,ThinkPad Laptop,USD,898.5,898.5,website
9445edf3,c61969da08c62833,29/08/2020,04ac,ThinkPad Laptop,USD,898.5,898.5,website
9ba7511c,6a259ed9d1d65799,22/03/2021,04ac,ThinkPad Laptop,USD,898.5,898.5,website
a7164c5a,3edd94f35dc70792,01/12/2020,04ac,ThinkPad Laptop,USD,898.5,898.5,website
b8df0a38,1396384f8fb78309,14/12/2022,04ac,ThinkPad Laptop,USD,898.5,898.5,website
d37fab95,cfffd5a7f1689295,05/12/2019,04ac,ThinkPad Laptop,USD,898.5,898.5,website
d37fab95,cfffd5a7f1689296,05/12/2019,04ac,ThinkPad Laptop,USD,898.5,898.5,website
db02fae5,feb83eded9192550,11/09/2022,04ac,ThinkPad Laptop,USD,898.5,898.5,website
e152339f,9a8fc34ab5d95225,17/10/2019,04ac,ThinkPad Laptop,USD,898.5,898.5,website
f5b9e917,71fc96c305d103825,21/07/2020,04ac,ThinkPad Laptop,USD,898.5,898.5,website
1f7991e9,b8f20b363e415888,23/10/2020,04ac,ThinkPad Laptop,USD,1030,1030,website
2d28762a,d60f1d4fd5221283,25/07/2021,04ac,ThinkPad Laptop,USD,1030,1030,website
531f1f94,abb9836568d36642,26/05/2020,04ac,ThinkPad Laptop,USD,1030,1030,website
5a7cd787,b173e6a535039564,14/09/2020,04ac,ThinkPad Laptop,USD,1030,1030,website
5a7cd787,b173e6a535039565,14/09/2020,04ac,ThinkPad Laptop,USD,1030,1030,website
6d97f986,47bab597a2547312,16/08/2022,04ac,ThinkPad Laptop,USD,1030,1030,website
81a642d7,d1a2aee8d3f55295,07/10/2020,04ac,ThinkPad Laptop,USD,1030,1030,website
8714e62e,7b9059147cd57444,22/08/2020,04ac,ThinkPad Laptop,USD,1030,1030,website
a6831b98,5dd3853210470568,16/12/2020,04ac,ThinkPad Laptop,USD,1030,1030,website
a843a098,6a2a5bc1e3271287,20/12/2022,04ac,ThinkPad Laptop,USD,1030,1030,website
b8ed612e,457c28c8ae378337,15/05/2020,04ac,ThinkPad Laptop,USD,1030,1030,website
bc945685,e9fcf6614d679833,23/12/2021,04ac,ThinkPad Laptop,USD,1030,1030,website
bc945685,e9fcf6614d679834,23/12/2021,04ac,ThinkPad Laptop,USD,1030,1030,website
ce59d9b1,4c275f7c20d87183,09/11/2021,04ac,ThinkPad Laptop,USD,1030,1030,website
d99e5a18,b212caa892691917,11/02/2021,04ac,ThinkPad Laptop,USD,1030,1030,website
de492dbb,18953250ce093936,04/05/2020,04ac,ThinkPad Laptop,USD,1030,1030,website
112e5693,9802bff5d9810071,16/04/2021,04ac,ThinkPad Laptop,EUR,922.84,1099.75,website
3107c187,57d086d826422956,10/09/2020,04ac,ThinkPad Laptop,GBP,958,1229.5,website
3107c187,57d086d826422957,10/09/2020,04ac,ThinkPad Laptop,GBP,958,1229.5,website
b7b7000e,f55de73ad2077826,15/09/2020,04ac,ThinkPad Laptop,GBP,958,1229.5,website
d0241ad5,f5bd774f3c587933,29/08/2020,04ac,ThinkPad Laptop,GBP,958,1229.5,website
d0241ad5,f5bd774f3c587934,29/08/2020,04ac,ThinkPad Laptop,GBP,958,1229.5,website
918ab28f,efe83425be061711,19/09/2020,04ac,ThinkPad Laptop,CAD,1298,967.75,website
c3fe529f,3987c7bf27683007,26/10/2020,04ac,ThinkPad Laptop,CAD,1298,967.75,website
f53f3d08,effbbd176bf103645,12/12/2020,04ac,ThinkPad Laptop,CAD,1298,967.75,website
30f9cd5b,4036f13c8a822928,02/02/2021,04ac,ThinkPad Laptop,DKK,7798,1237.5,website
4b679b54,9812099543f33512,27/03/2022,04ac,ThinkPad Laptop,USD,875.5,875.5,website
42821bd3,ad5d91592f229981,20/09/2022,04ac,ThinkPad Laptop,KRW,1243998,939.75,website
7458c02c,c67b0c466cc49935,01/04/2020,04ac,ThinkPad Laptop,EUR,608.44,652.75,website
65f37390,fdeb21ac78344086,04/09/2019,04ac,ThinkPad Laptop,EUR,827.92,909.25,website
91c529ec,baeb6f0a45e61810,01/02/2020,04ac,ThinkPad Laptop,USD,718,718,website
c01be25d,e4379fa229a81351,17/04/2021,04ac,ThinkPad Laptop,CHF,947.94,1009.75,website
30eeccf4,1a5507fb5f522913,07/03/2019,04ac,ThinkPad Laptop,JPY,119800,1068.5,website
7908c639,ffeec4c209751749,20/01/2021,04ac,ThinkPad Laptop,USD,599,599,website
7908c639,ffeec4c209751750,20/01/2021,04ac,ThinkPad Laptop,USD,599,599,website
a2fcbf9b,4341c6e50a468960,23/05/2021,04ac,ThinkPad Laptop,USD,599,599,website
14580237,cdf07f71405419,28/06/2019,04ac,ThinkPad Laptop,USD,1198,1198,website
16544672,940b40e27f4461,27/02/2020,04ac,ThinkPad Laptop,USD,1198,1198,website
35384061,12e18330859941,25/04/2020,04ac,ThinkPad Laptop,USD,1198,1198,website
40453831,b13f9e2b0b51065,08/08/2020,04ac,ThinkPad Laptop,USD,1198,1198,website
40453831,b13f9e2b0b51066,08/08/2020,04ac,ThinkPad Laptop,USD,1198,1198,website
54110081,f708ca39fe21424,14/02/2021,04ac,ThinkPad Laptop,USD,1198,1198,website
55860624,dcd2fa19e7b1472,06/06/2021,04ac,ThinkPad Laptop,USD,1198,1198,website
64290392,d25e507b4631681,26/09/2020,04ac,ThinkPad Laptop,USD,1198,1198,website
64290392,d25e507b4631682,26/09/2020,04ac,ThinkPad Laptop,USD,1198,1198,website
79689085,5f3bfc396742114,20/10/2020,04ac,ThinkPad Laptop,USD,1198,1198,website
81620494,b613bba99232162,16/10/2019,04ac,ThinkPad Laptop,USD,1198,1198,website
97346300,747cad953fb2569,18/08/2020,04ac,ThinkPad Laptop,USD,1198,1198,website
97346300,747cad953fb2570,18/08/2020,04ac,ThinkPad Laptop,USD,1198,1198,website
3.532E+18,f967e036ddd2827,23/09/2021,04ac,ThinkPad Laptop,USD,1198,1198,website
00340a39,f707a9e5d363237,04/05/2020,04ac,ThinkPad Laptop,USD,1198,1198,website
005a66d1,3234e22b7e73313,27/05/2020,04ac,ThinkPad Laptop,USD,1198,1198,website
00745a9d,67daa491b373361,16/08/2019,04ac,ThinkPad Laptop,USD,1198,1198,website
00b6fd34,4aa38061ccd3460,31/08/2019,04ac,ThinkPad Laptop,USD,1198,1198,website
0188ee49,ba90d49a4e03807,01/03/2020,04ac,ThinkPad Laptop,USD,1198,1198,website
01cb11a7,e7ce2cf66c33925,19/06/2020,04ac,ThinkPad Laptop,USD,1198,1198,website
01ec21a1,84cc38357253997,08/12/2020,04ac,ThinkPad Laptop,USD,1198,1198,website
0243969b,cb714a5fdbb4125,01/05/2021,04ac,ThinkPad Laptop,USD,1198,1198,website
02fa0b6d,aaf60ccc5944399,05/02/2020,04ac,ThinkPad Laptop,USD,1198,1198,website
0388d589,a95feefce0f4594,26/07/2020,04ac,ThinkPad Laptop,USD,1198,1198,website
03f39cbb,2def93518b34772,26/03/2020,04ac,ThinkPad Laptop,USD,1198,1198,website
0460cf93,61ffe6e22364911,27/02/2019,04ac,ThinkPad Laptop,USD,1198,1198,website
046b9fbd,a9182774cdf4932,17/08/2021,04ac,ThinkPad Laptop,USD,1198,1198,website
04d1c39c,6a4e5a2c40f5089,12/04/2020,04ac,ThinkPad Laptop,USD,1198,1198,website
0568ff42,d9b9d2fd4035320,06/04/2020,04ac,ThinkPad Laptop,USD,1198,1198,website
062e43dd,f5a30ed5fe05627,14/08/2020,04ac,ThinkPad Laptop,USD,1198,1198,website
062e43dd,f5a30ed5fe05628,14/08/2020,04ac,ThinkPad Laptop,USD,1198,1198,website
0679358c,98d6c6593605713,16/06/2021,04ac,ThinkPad Laptop,USD,1198,1198,website
06a77aca,b9c98266bf75769,27/03/2019,04ac,ThinkPad Laptop,USD,1198,1198,website
075a7313,aac8a713d5c6073,28/07/2021,04ac,ThinkPad Laptop,USD,1198,1198,website
07e8118b,67d69f93bcf6297,05/05/2021,04ac,ThinkPad Laptop,USD,1198,1198,website
07feb50a,d4188ef22496344,14/05/2020,04ac,ThinkPad Laptop,USD,1198,1198,website
089aa678,3d2c4a4e1a96537,16/02/2020,04ac,ThinkPad Laptop,USD,1198,1198,website
0902d40a,aa0f7bb47ce6726,09/06/2021,04ac,ThinkPad Laptop,USD,1198,1198,website
099a76b0,8100633c4396948,28/07/2020,04ac,ThinkPad Laptop,USD,1198,1198,website
0a0760ce,4076ad5cad07117,16/05/2020,04ac,ThinkPad Laptop,USD,1198,1198,website
0a21398a,8aaf4c9cc067165,10/09/2021,04ac,ThinkPad Laptop,USD,1198,1198,website
0a21398a,8aaf4c9cc067166,10/09/2021,04ac,ThinkPad Laptop,USD,1198,1198,website
0a7ea2b2,1df513b9eb67307,29/04/2019,04ac,ThinkPad Laptop,USD,1198,1198,website
0aee1d6f,d465d3897927502,10/08/2020,04ac,ThinkPad Laptop,USD,1198,1198,website
0d5400ca,4bbc0654bbc8487,18/08/2022,04ac,ThinkPad Laptop,USD,1198,1198,website
0dc969bb,5f69c1577548664,06/04/2019,04ac,ThinkPad Laptop,USD,1198,1198,website
0dd2065e,c48398e0a778683,15/02/2020,04ac,ThinkPad Laptop,USD,1198,1198,website
0e8109fb,a5f8083b6158977,09/11/2022,04ac,ThinkPad Laptop,USD,1198,1198,website
0f008fc5,442339dc5799171,29/09/2020,04ac,ThinkPad Laptop,USD,1198,1198,website
0f008fc5,442339dc5799172,29/09/2020,04ac,ThinkPad Laptop,USD,1198,1198,website
0f0a4f81,1a0b8b937099194,12/05/2020,04ac,ThinkPad Laptop,USD,1198,1198,website
10c871f8,4092741bc469889,05/05/2021,04ac,ThinkPad Laptop,USD,1198,1198,website
10f157be,1183b1dd3559972,13/11/2019,04ac,ThinkPad Laptop,USD,1198,1198,website
113f5d7b,cfce18a7fe010086,24/11/2019,04ac,ThinkPad Laptop,USD,1198,1198,website
113f5d7b,cfce18a7fe010087,24/11/2019,04ac,ThinkPad Laptop,USD,1198,1198,website
11a002fc,a9c23ecefae10203,26/06/2019,04ac,ThinkPad Laptop,USD,1198,1198,website
11a002fc,a9c23ecefae10204,26/06/2019,04ac,ThinkPad Laptop,USD,1198,1198,website
122664f4,4ea5cf90b6610414,06/04/2022,04ac,ThinkPad Laptop,USD,1198,1198,website
132bdb19,dbe7d10a0fd10848,08/06/2020,04ac,ThinkPad Laptop,USD,1198,1198,website
14428b22,fbe41c00e7811285,22/09/2020,04ac,ThinkPad Laptop,USD,1198,1198,website
1451965d,cd25be286a411319,29/12/2020,04ac,ThinkPad Laptop,USD,1198,1198,website
1451965d,cd25be286a411320,29/12/2020,04ac,ThinkPad Laptop,USD,1198,1198,website
158ded64,a208adbc23111750,21/05/2020,04ac,ThinkPad Laptop,USD,1198,1198,website
16a34e9a,bce0ccc4bef12221,25/06/2019,04ac,ThinkPad Laptop,USD,1198,1198,website
17a2d2b5,1ba7f8a174a12587,26/02/2022,04ac,ThinkPad Laptop,USD,1198,1198,website
17cc3879,21c4c57679512669,08/06/2019,04ac,ThinkPad Laptop,USD,1198,1198,website
180efa22,e1bf887ac7c12792,11/06/2021,04ac,ThinkPad Laptop,USD,1198,1198,website
189e51a9,9c13cd9e2b213007,07/09/2020,04ac,ThinkPad Laptop,USD,1198,1198,website
18b6cb5d,1847a84f3cd13044,11/12/2020,04ac,ThinkPad Laptop,USD,1198,1198,website
1904f53d,bd3d258de8e13150,08/06/2020,04ac,ThinkPad Laptop,USD,1198,1198,website
1935c200,5c7c440cdeb13235,25/05/2022,04ac,ThinkPad Laptop,USD,1198,1198,website
19a7a281,b2b788a96d813412,08/07/2020,04ac,ThinkPad Laptop,USD,1198,1198,website
19be43e5,7bca3cee5a113454,27/02/2021,04ac,ThinkPad Laptop,USD,1198,1198,website
19d8a8a7,bc51927412713494,21/06/2021,04ac,ThinkPad Laptop,USD,1198,1198,website
1a28a60e,2d99e5b181813636,04/06/2020,04ac,ThinkPad Laptop,USD,1198,1198,website
1a6dcef4,2cc7720698813749,03/03/2019,04ac,ThinkPad Laptop,USD,1198,1198,website
1a74fd9c,0560c51077913763,10/01/2021,04ac,ThinkPad Laptop,USD,1198,1198,website
1b2450d9,5efca6d6afd14039,21/03/2021,04ac,ThinkPad Laptop,USD,1198,1198,website
1bacda63,d96f2edeea714280,18/06/2021,04ac,ThinkPad Laptop,USD,1198,1198,website
1bfb9cea,10a9daa177814433,18/07/2021,04ac,ThinkPad Laptop,USD,1198,1198,website
1bfb9cea,10a9daa177814434,18/07/2021,04ac,ThinkPad Laptop,USD,1198,1198,website
1cb04a19,0bf7077932914715,23/04/2021,04ac,ThinkPad Laptop,USD,1198,1198,website
1cb04a19,e809b33760f14716,26/04/2020,04ac,ThinkPad Laptop,USD,1198,1198,website
1d4b580e,26cca31215215000,24/07/2020,04ac,ThinkPad Laptop,USD,1198,1198,website
1d5061b9,8f1958254fb15006,18/10/2020,04ac,ThinkPad Laptop,USD,1198,1198,website
1daa5995,8fd011b9dc515160,26/10/2019,04ac,ThinkPad Laptop,USD,1198,1198,website
1eb447b2,8fde1d8637715569,08/07/2022,04ac,ThinkPad Laptop,USD,1198,1198,website
1ee14201,a54ba0ebb8f15635,11/03/2020,04ac,ThinkPad Laptop,USD,1198,1198,website
1f2186eb,1e21c2c372015724,20/05/2021,04ac,ThinkPad Laptop,USD,1198,1198,website
1f412933,7be488466ce15775,07/01/2020,04ac,ThinkPad Laptop,USD,1198,1198,website
1f412933,7be488466ce15776,07/01/2020,04ac,ThinkPad Laptop,USD,1198,1198,website
1f5af8df,0da90c953c815829,22/01/2022,04ac,ThinkPad Laptop,USD,1198,1198,website
1fa41eb9,6ccb2cdd67e15950,22/03/2020,04ac,ThinkPad Laptop,USD,1198,1198,website
203a46cf,39718f3662716167,04/04/2021,04ac,ThinkPad Laptop,USD,1198,1198,website
20bc9b5e,77a40b8ad9d16345,23/05/2021,04ac,ThinkPad Laptop,USD,1198,1198,website
2189f334,79068e2e51516652,19/12/2020,04ac,ThinkPad Laptop,USD,1198,1198,website
2189f334,79068e2e51516653,19/12/2020,04ac,ThinkPad Laptop,USD,1198,1198,website
2189f334,79068e2e51516654,19/12/2020,04ac,ThinkPad Laptop,USD,1198,1198,website
21a295d6,f132b4710c016697,07/06/2022,04ac,ThinkPad Laptop,USD,1198,1198,website
22b663a1,271e2fb975317072,31/10/2021,04ac,ThinkPad Laptop,USD,1198,1198,website
22e4bc53,4509821ad8c17137,04/12/2020,04ac,ThinkPad Laptop,USD,1198,1198,website
232b97e5,40e89f2b92017224,16/09/2020,04ac,ThinkPad Laptop,USD,1198,1198,website
23928d65,c3db0e1dd3517353,24/01/2022,04ac,ThinkPad Laptop,USD,1198,1198,website
24fd5ca6,68278aca18b17948,21/06/2022,04ac,ThinkPad Laptop,USD,1198,1198,website
2608de5c,cbd508111d718404,17/05/2019,04ac,ThinkPad Laptop,USD,1198,1198,website
2613c1b3,d9ec2de831518423,13/06/2022,04ac,ThinkPad Laptop,USD,1198,1198,website
265c91b2,47fd3df887e18541,07/06/2022,04ac,ThinkPad Laptop,USD,1198,1198,website
292d0b12,a8bf48541a219666,12/12/2019,04ac,ThinkPad Laptop,USD,1198,1198,website
292d0b12,a8bf48541a219667,12/12/2019,04ac,ThinkPad Laptop,USD,1198,1198,website
2962fedf,c16d4db490219749,20/03/2020,04ac,ThinkPad Laptop,USD,1198,1198,website
298f054a,8ab3246397d19808,02/03/2020,04ac,ThinkPad Laptop,USD,1198,1198,website
2a5ff271,80585555100000000020154,03/06/2022,04ac,ThinkPad Laptop,USD,1198,1198,website
2a88d10b,3c581b204be20212,31/12/2020,04ac,ThinkPad Laptop,USD,1198,1198,website
2a88d10b,3c581b204be20213,31/12/2020,04ac,ThinkPad Laptop,USD,1198,1198,website
2b4b5201,672b54323c320525,31/07/2020,04ac,ThinkPad Laptop,USD,1198,1198,website
2bb08dad,8b1ad766de920671,04/05/2021,04ac,ThinkPad Laptop,USD,1198,1198,website
2c1a4802,6b4298de38320872,06/04/2021,04ac,ThinkPad Laptop,USD,1198,1198,website
2cc0a1fa,6d190bf721521124,15/03/2021,04ac,ThinkPad Laptop,USD,1198,1198,website
2cfe1eaf,810666245d921222,20/08/2022,04ac,ThinkPad Laptop,USD,1198,1198,website
2cfe1eaf,810666245d921223,20/08/2022,04ac,ThinkPad Laptop,USD,1198,1198,website
2d24dbc1,bce50d2557f21276,16/05/2019,04ac,ThinkPad Laptop,USD,1198,1198,website
2e1455b2,7e98e723db621672,27/04/2021,04ac,ThinkPad Laptop,USD,1198,1198,website
2e19cf60,6c9c7be48c921682,24/07/2020,04ac,ThinkPad Laptop,USD,1198,1198,website
2e20c66d,bd7e43a486521691,02/02/2020,04ac,ThinkPad Laptop,USD,1198,1198,website
2ef54b1f,8eb52a4184822035,12/05/2020,04ac,ThinkPad Laptop,USD,1198,1198,website
3018473c,b517a4e0c5f22546,07/01/2020,04ac,ThinkPad Laptop,USD,1198,1198,website
3018473c,b517a4e0c5f22547,07/01/2020,04ac,ThinkPad Laptop,USD,1198,1198,website
309cbbec,7466c1bf2fe22767,17/03/2020,04ac,ThinkPad Laptop,USD,1198,1198,website
30f16014,83862d2d77c22916,03/04/2020,04ac,ThinkPad Laptop,USD,1198,1198,website
31097b9b,4b507f3546622960,10/11/2020,04ac,ThinkPad Laptop,USD,1198,1198,website
31aba1dc,99bdbf96adf23193,16/03/2019,04ac,ThinkPad Laptop,USD,1198,1198,website
32a33c8f,6014d2d8ac623555,11/02/2020,04ac,ThinkPad Laptop,USD,1198,1198,website
3335286b,d065d995c5b23802,05/06/2021,04ac,ThinkPad Laptop,USD,1198,1198,website
334cc6ae,14d9be74d7123827,16/03/2020,04ac,ThinkPad Laptop,USD,1198,1198,website
3360ae0f,a29b2a129c523851,04/07/2022,04ac,ThinkPad Laptop,USD,1198,1198,website
3360ae0f,a29b2a129c523852,04/07/2022,04ac,ThinkPad Laptop,USD,1198,1198,website
33671c93,4a37c7ae1fc23863,29/01/2020,04ac,ThinkPad Laptop,USD,1198,1198,website
3373df4b,f93c7d1136923878,29/12/2021,04ac,ThinkPad Laptop,USD,1198,1198,website
3373df4b,f93c7d1136923879,29/12/2021,04ac,ThinkPad Laptop,USD,1198,1198,website
341ae593,077cedfcff424135,14/07/2022,04ac,ThinkPad Laptop,USD,1198,1198,website
3481abbf,7e8e6be566524273,03/07/2019,04ac,ThinkPad Laptop,USD,1198,1198,website
3481abbf,7e8e6be566524274,03/07/2019,04ac,ThinkPad Laptop,USD,1198,1198,website
34a243e4,07611d8a2c824339,20/02/2020,04ac,ThinkPad Laptop,USD,1198,1198,website
34a9174f,4161acbe5c024347,15/10/2019,04ac,ThinkPad Laptop,USD,1198,1198,website
34ccd7d5,f9e2b82935324401,18/06/2019,04ac,ThinkPad Laptop,USD,1198,1198,website
34da5e63,697dbac303124433,24/02/2020,04ac,ThinkPad Laptop,USD,1198,1198,website
35ac273a,1cf964d7bee24744,09/04/2019,04ac,ThinkPad Laptop,USD,1198,1198,website
35d6a329,edd4c2f6aed24799,26/06/2019,04ac,ThinkPad Laptop,USD,1198,1198,website
3641a2d6,1ebade827a924960,11/08/2022,04ac,ThinkPad Laptop,USD,1198,1198,website
3641a2d6,1ebade827a924961,11/08/2022,04ac,ThinkPad Laptop,USD,1198,1198,website
365f649f,b393529016525014,27/03/2021,04ac,ThinkPad Laptop,USD,1198,1198,website
367f6c90,b75dc10ad4825053,01/02/2022,04ac,ThinkPad Laptop,USD,1198,1198,website
368246b9,6229b2da4ab25056,17/03/2019,04ac,ThinkPad Laptop,USD,1198,1198,website
369ce285,a209c7ce31425099,09/09/2020,04ac,ThinkPad Laptop,USD,1198,1198,website
369cfba9,c5d7158901025100,15/09/2022,04ac,ThinkPad Laptop,USD,1198,1198,website
369cfba9,c5d7158901025101,15/09/2022,04ac,ThinkPad Laptop,USD,1198,1198,website
36b4ab4f,320294f71dd25139,02/11/2022,04ac,ThinkPad Laptop,USD,1198,1198,website
37d1255f,3afa265e4ac25618,29/07/2021,04ac,ThinkPad Laptop,USD,1198,1198,website
38ffe16b,216c495076a26085,10/09/2020,04ac,ThinkPad Laptop,USD,1198,1198,website
3a16e4ca,e432179954d26507,04/06/2020,04ac,ThinkPad Laptop,USD,1198,1198,website
3a5a2c79,71bbd12049c26612,03/09/2020,04ac,ThinkPad Laptop,USD,1198,1198,website
3b3ce29c,3bbc1c808e726991,29/01/2019,04ac,ThinkPad Laptop,USD,1198,1198,website
3c47a872,cc1de317a7527407,20/01/2022,04ac,ThinkPad Laptop,USD,1198,1198,website
3c5ee01c,083c94c289127447,30/08/2022,04ac,ThinkPad Laptop,USD,1198,1198,website
3c5ee01c,083c94c289127448,30/08/2022,04ac,ThinkPad Laptop,USD,1198,1198,website
3c6ff2da,da38ee4a81b27476,01/12/2021,04ac,ThinkPad Laptop,USD,1198,1198,website
3e0c9580,e14b1213ff328125,06/04/2019,04ac,ThinkPad Laptop,USD,1198,1198,website
3e23ac5d,f0ec579d5e828166,13/12/2020,04ac,ThinkPad Laptop,USD,1198,1198,website
3e91fbff,71f00d4dfbd28355,18/07/2022,04ac,ThinkPad Laptop,USD,1198,1198,website
3f9f4736,6c9ca15038528845,15/01/2019,04ac,ThinkPad Laptop,USD,1198,1198,website
401d0802,690b94a0fb029046,21/04/2020,04ac,ThinkPad Laptop,USD,1198,1198,website
41f2fa6e,aab3ad85c2d29771,10/12/2020,04ac,ThinkPad Laptop,USD,1198,1198,website
41f2fa6e,aab3ad85c2d29772,10/12/2020,04ac,ThinkPad Laptop,USD,1198,1198,website
4311c8c1,e03d361a7e630205,21/11/2020,04ac,ThinkPad Laptop,USD,1198,1198,website
4311c8c1,e03d361a7e630206,21/11/2020,04ac,ThinkPad Laptop,USD,1198,1198,website
43b4ddb1,98d54df9c6330480,08/10/2020,04ac,ThinkPad Laptop,USD,1198,1198,website
44c74414,983dfcfac4330906,04/05/2019,04ac,ThinkPad Laptop,USD,1198,1198,website
454ddef6,d2bc053ff4931117,25/07/2020,04ac,ThinkPad Laptop,USD,1198,1198,website
457610d8,e8aeb5cee4c31169,29/09/2021,04ac,ThinkPad Laptop,USD,1198,1198,website
457610d8,e8aeb5cee4c31170,29/09/2021,04ac,ThinkPad Laptop,USD,1198,1198,website
457b8ac2,cc6d072b2b731183,05/08/2019,04ac,ThinkPad Laptop,USD,1198,1198,website
46b05d3f,9e14a1045e631651,08/04/2022,04ac,ThinkPad Laptop,USD,1198,1198,website
46e66873,500ebb42a2a31768,22/01/2021,04ac,ThinkPad Laptop,USD,1198,1198,website
46e66873,500ebb42a2a31769,22/01/2021,04ac,ThinkPad Laptop,USD,1198,1198,website
474094d5,e49940a5ff031900,22/11/2019,04ac,ThinkPad Laptop,USD,1198,1198,website
474094d5,e49940a5ff031901,22/11/2019,04ac,ThinkPad Laptop,USD,1198,1198,website
47b7a49d,3a7e89b62ec32066,24/05/2020,04ac,ThinkPad Laptop,USD,1198,1198,website
4822a6e0,0587859658c32213,28/11/2020,04ac,ThinkPad Laptop,USD,1198,1198,website
49a56509,d5dc3fe8f3732790,20/08/2020,04ac,ThinkPad Laptop,USD,1198,1198,website
4a59fff5,fc4b5b5789e33071,21/09/2020,04ac,ThinkPad Laptop,USD,1198,1198,website
4bd7837d,f719362163e33716,02/04/2019,04ac,ThinkPad Laptop,USD,1198,1198,website
4cb34833,ee6886b402034096,19/06/2021,04ac,ThinkPad Laptop,USD,1198,1198,website
4da98654,2079288ed0134503,19/03/2021,04ac,ThinkPad Laptop,USD,1198,1198,website
4dcdb8df,52444439f2e34563,12/04/2020,04ac,ThinkPad Laptop,USD,1198,1198,website
4ea936db,3a3e5ce9e9234901,17/04/2020,04ac,ThinkPad Laptop,USD,1198,1198,website
4ec8c880,7adc54338b434951,19/04/2022,04ac,ThinkPad Laptop,USD,1198,1198,website
4f62f3d1,5038cb9f90135225,07/02/2022,04ac,ThinkPad Laptop,USD,1198,1198,website
50fcabfd,cd16ab69e0835860,02/11/2019,04ac,ThinkPad Laptop,USD,1198,1198,website
5129a000,8d6e2d739ef35920,17/01/2019,04ac,ThinkPad Laptop,USD,1198,1198,website
51cad85a,6b49607316e36113,25/06/2020,04ac,ThinkPad Laptop,USD,1198,1198,website
5231244b,57610948ca436270,22/02/2021,04ac,ThinkPad Laptop,USD,1198,1198,website
5232e42e,c07e4787a3536274,17/01/2022,04ac,ThinkPad Laptop,USD,1198,1198,website
523e7f1b,fb625aa9d8036292,05/05/2020,04ac,ThinkPad Laptop,USD,1198,1198,website
53148c17,1636ad640bb36625,04/08/2019,04ac,ThinkPad Laptop,USD,1198,1198,website
53148c17,1636ad640bb36626,04/08/2019,04ac,ThinkPad Laptop,USD,1198,1198,website
53e084d9,16d0ced5d0236971,12/06/2020,04ac,ThinkPad Laptop,USD,1198,1198,website
540cf5ad,e0079587e7837036,17/08/2021,04ac,ThinkPad Laptop,USD,1198,1198,website
5472ff53,ebe46df46c837197,09/06/2021,04ac,ThinkPad Laptop,USD,1198,1198,website
55384bb6,9f510cefa1537490,28/01/2021,04ac,ThinkPad Laptop,USD,1198,1198,website
55384bb6,9f510cefa1537491,28/01/2021,04ac,ThinkPad Laptop,USD,1198,1198,website
55d97b18,837eaf9cfe337733,25/12/2020,04ac,ThinkPad Laptop,USD,1198,1198,website
55d97b18,837eaf9cfe337734,25/12/2020,04ac,ThinkPad Laptop,USD,1198,1198,website
560ded38,87eb9daf6d437812,23/05/2020,04ac,ThinkPad Laptop,USD,1198,1198,website
567a9760,927f304313937961,13/05/2021,04ac,ThinkPad Laptop,USD,1198,1198,website
579b6aeb,e48d7e567ef38396,08/09/2019,04ac,ThinkPad Laptop,USD,1198,1198,website
588c7491,436842be04238735,25/05/2019,04ac,ThinkPad Laptop,USD,1198,1198,website
589c1d8e,53d616091a838752,09/06/2021,04ac,ThinkPad Laptop,USD,1198,1198,website
58b5364f,5715d2d3df338802,04/09/2022,04ac,ThinkPad Laptop,USD,1198,1198,website
58b5364f,5715d2d3df338803,04/09/2022,04ac,ThinkPad Laptop,USD,1198,1198,website
591278b9,ea02761808038962,08/08/2020,04ac,ThinkPad Laptop,USD,1198,1198,website
591f6184,ec654c708e338989,01/10/2019,04ac,ThinkPad Laptop,USD,1198,1198,website
595c258d,71028cf8f2f39078,05/10/2021,04ac,ThinkPad Laptop,USD,1198,1198,website
599fcdf2,e21c1abd51b39175,14/03/2021,04ac,ThinkPad Laptop,USD,1198,1198,website
59ec3f32,ce38d27baa039300,10/02/2021,04ac,ThinkPad Laptop,USD,1198,1198,website
5a0016e6,d487e32106d39330,25/12/2020,04ac,ThinkPad Laptop,USD,1198,1198,website
5a0016e6,d487e32106d39331,25/12/2020,04ac,ThinkPad Laptop,USD,1198,1198,website
5a0096f4,2f819f0e56639332,04/06/2020,04ac,ThinkPad Laptop,USD,1198,1198,website
5a35db7e,6aae397f49839417,17/07/2021,04ac,ThinkPad Laptop,USD,1198,1198,website
5a35db7e,6aae397f49839418,17/07/2021,04ac,ThinkPad Laptop,USD,1198,1198,website
5a8bc067,5b3af1c808339584,12/04/2020,04ac,ThinkPad Laptop,USD,1198,1198,website
5ac3e110,f5b0078554539679,07/08/2020,04ac,ThinkPad Laptop,USD,1198,1198,website
5ae7f9fb,abc42fa066439740,11/08/2021,04ac,ThinkPad Laptop,USD,1198,1198,website
5af6c8a2,b534a0c02bc39759,16/06/2022,04ac,ThinkPad Laptop,USD,1198,1198,website
5b34de85,7af6dd423ae39854,14/05/2020,04ac,ThinkPad Laptop,USD,1198,1198,website
5d0cd45c,af06c10acaf40591,20/05/2020,04ac,ThinkPad Laptop,USD,1198,1198,website
5d463cc0,edaeab8662140668,17/02/2019,04ac,ThinkPad Laptop,USD,1198,1198,website
5d689b22,4ae0d1ec46240737,07/08/2022,04ac,ThinkPad Laptop,USD,1198,1198,website
5d689b22,4ae0d1ec46240738,07/08/2022,04ac,ThinkPad Laptop,USD,1198,1198,website
5e9b3a5d,08632755ecc41229,30/09/2020,04ac,ThinkPad Laptop,USD,1198,1198,website
5f0dbaf8,258665d437a41414,01/02/2020,04ac,ThinkPad Laptop,USD,1198,1198,website
5f540218,ee60fae003041514,31/08/2021,04ac,ThinkPad Laptop,USD,1198,1198,website
606acc11,8ba55be2e8641940,15/02/2019,04ac,ThinkPad Laptop,USD,1198,1198,website
606c2e11,1504a9a182741943,13/04/2022,04ac,ThinkPad Laptop,USD,1198,1198,website
60f8472b,1cf1b14675942169,11/11/2022,04ac,ThinkPad Laptop,USD,1198,1198,website
614b2eae,1132527364042296,23/12/2019,04ac,ThinkPad Laptop,USD,1198,1198,website
614b2eae,1132527364042297,23/12/2019,04ac,ThinkPad Laptop,USD,1198,1198,website
615b347f,1489ad3753942314,21/06/2020,04ac,ThinkPad Laptop,USD,1198,1198,website
617bef17,a8bef95da3342359,04/04/2022,04ac,ThinkPad Laptop,USD,1198,1198,website
6388a2c2,ba1df5174ce43111,02/12/2022,04ac,ThinkPad Laptop,USD,1198,1198,website
6388a2c2,ba1df5174ce43112,02/12/2022,04ac,ThinkPad Laptop,USD,1198,1198,website
63d1a2d0,289876dba1e43237,06/10/2020,04ac,ThinkPad Laptop,USD,1198,1198,website
65476a7f,3d112c029fb43773,24/01/2021,04ac,ThinkPad Laptop,USD,1198,1198,website
65eff3c9,a93a71ebdc144081,09/03/2019,04ac,ThinkPad Laptop,USD,1198,1198,website
661f6501,94160df380a44156,26/10/2020,04ac,ThinkPad Laptop,USD,1198,1198,website
663f1469,d90404d442844200,19/11/2020,04ac,ThinkPad Laptop,USD,1198,1198,website
663f1469,d90404d442844201,19/11/2020,04ac,ThinkPad Laptop,USD,1198,1198,website
67529c6e,9d4080bcdd344624,14/05/2019,04ac,ThinkPad Laptop,USD,1198,1198,website
67fca038,7265fafea3a44884,03/06/2020,04ac,ThinkPad Laptop,USD,1198,1198,website
684f71f1,b001421e61a45012,02/09/2021,04ac,ThinkPad Laptop,USD,1198,1198,website
684f71f1,b001421e61a45013,02/09/2021,04ac,ThinkPad Laptop,USD,1198,1198,website
684f71f1,b001421e61a45014,02/09/2021,04ac,ThinkPad Laptop,USD,1198,1198,website
6873aeed,1a9272826cc45080,18/04/2020,04ac,ThinkPad Laptop,USD,1198,1198,website
689f9801,6fbbfe6787e45155,01/05/2021,04ac,ThinkPad Laptop,USD,1198,1198,website
6949025a,5b195590cbc45463,23/05/2022,04ac,ThinkPad Laptop,USD,1198,1198,website
698d3f7e,74afce4425b45557,19/06/2019,04ac,ThinkPad Laptop,USD,1198,1198,website
69ce51fa,22045be86cd45667,24/11/2020,04ac,ThinkPad Laptop,USD,1198,1198,website
69ce51fa,22045be86cd45668,24/11/2020,04ac,ThinkPad Laptop,USD,1198,1198,website
6a246a46,672dc73294745823,14/02/2021,04ac,ThinkPad Laptop,USD,1198,1198,website
6a5a11b7,1685a0a138945906,25/03/2021,04ac,ThinkPad Laptop,USD,1198,1198,website
6a7e31bd,87c9be5462445954,23/09/2022,04ac,ThinkPad Laptop,USD,1198,1198,website
6a7e31bd,87c9be5462445955,23/09/2022,04ac,ThinkPad Laptop,USD,1198,1198,website
6a986cd8,cf87a79321b46002,08/06/2022,04ac,ThinkPad Laptop,USD,1198,1198,website
6b15d812,2040132f27a46188,27/08/2021,04ac,ThinkPad Laptop,USD,1198,1198,website
6b1ddb37,46e78842c2c46205,24/07/2021,04ac,ThinkPad Laptop,USD,1198,1198,website
6b295dc5,0f7aca2b1a746228,03/03/2019,04ac,ThinkPad Laptop,USD,1198,1198,website
6bf7a64f,e32fe88f6e846585,28/09/2021,04ac,ThinkPad Laptop,USD,1198,1198,website
6c40fa65,706fdf908bd46721,03/06/2021,04ac,ThinkPad Laptop,USD,1198,1198,website
6c435baa,ce7c9bb9a3e46724,05/07/2020,04ac,ThinkPad Laptop,USD,1198,1198,website
6d4d9ce4,8282513a50347174,22/02/2019,04ac,ThinkPad Laptop,USD,1198,1198,website
6d515bf9,abc61d12b9747179,22/09/2020,04ac,ThinkPad Laptop,USD,1198,1198,website
6d6e91f1,094c844f0df47235,20/09/2020,04ac,ThinkPad Laptop,USD,1198,1198,website
6d6e91f1,094c844f0df47236,20/09/2020,04ac,ThinkPad Laptop,USD,1198,1198,website
6e2f7314,095c72abf4d47554,17/03/2019,04ac,ThinkPad Laptop,USD,1198,1198,website
6e83e0bf,35d60fca93347686,19/02/2020,04ac,ThinkPad Laptop,USD,1198,1198,website
6fb710f4,fb364d6e35648159,01/09/2020,04ac,ThinkPad Laptop,USD,1198,1198,website
6fb710f4,fb364d6e35648160,01/09/2020,04ac,ThinkPad Laptop,USD,1198,1198,website
70b93fb3,7f4f4e6fdad48540,17/06/2020,04ac,ThinkPad Laptop,USD,1198,1198,website
722ee1ff,9b544af971049044,30/07/2022,04ac,ThinkPad Laptop,USD,1198,1198,website
72401f25,4bfb48307b149073,17/04/2022,04ac,ThinkPad Laptop,USD,1198,1198,website
727ae4d1,1539b283ef049160,28/08/2020,04ac,ThinkPad Laptop,USD,1198,1198,website
72d22fda,1831ecfda8d49314,17/07/2019,04ac,ThinkPad Laptop,USD,1198,1198,website
734fdba0,a13d087427149531,13/02/2019,04ac,ThinkPad Laptop,USD,1198,1198,website
740c49d3,3752673566149838,13/03/2020,04ac,ThinkPad Laptop,USD,1198,1198,website
7519c040,30ad96ce03f50247,28/03/2020,04ac,ThinkPad Laptop,USD,1198,1198,website
751d5c66,f071b67cb7450254,08/02/2020,04ac,ThinkPad Laptop,USD,1198,1198,website
75f6af95,b88f61527d450567,22/07/2020,04ac,ThinkPad Laptop,USD,1198,1198,website
75fb1086,22aca8d1e3a50576,20/07/2022,04ac,ThinkPad Laptop,USD,1198,1198,website
75fb1086,22aca8d1e3a50577,20/07/2022,04ac,ThinkPad Laptop,USD,1198,1198,website
76834fda,d2c73a31c0650771,07/09/2021,04ac,ThinkPad Laptop,USD,1198,1198,website
76834fda,d2c73a31c0650772,07/09/2021,04ac,ThinkPad Laptop,USD,1198,1198,website
77475b41,acdbd142fe151086,20/12/2020,04ac,ThinkPad Laptop,USD,1198,1198,website
77475b41,acdbd142fe151087,20/12/2020,04ac,ThinkPad Laptop,USD,1198,1198,website
77585ae1,a44919fd65f51108,17/06/2020,04ac,ThinkPad Laptop,USD,1198,1198,website
77e8dc62,055d744028451323,11/04/2020,04ac,ThinkPad Laptop,USD,1198,1198,website
78be1ebf,619bbf4425751636,27/04/2020,04ac,ThinkPad Laptop,USD,1198,1198,website
78d77b18,cecccee238051679,10/03/2019,04ac,ThinkPad Laptop,USD,1198,1198,website
79090a87,5740759f8c551751,06/05/2022,04ac,ThinkPad Laptop,USD,1198,1198,website
79fdee2f,5b762f285ce52124,18/05/2020,04ac,ThinkPad Laptop,USD,1198,1198,website
7a3f91b8,468c72dd45552228,04/10/2020,04ac,ThinkPad Laptop,USD,1198,1198,website
7b31130d,253660d59e052648,04/04/2020,04ac,ThinkPad Laptop,USD,1198,1198,website
7c3be826,fcb35da4cff53089,11/11/2020,04ac,ThinkPad Laptop,USD,1198,1198,website
7c46ecbb,d16bb5eb54d53120,13/09/2020,04ac,ThinkPad Laptop,USD,1198,1198,website
7cbc0d50,bad9aba085f53293,30/07/2020,04ac,ThinkPad Laptop,USD,1198,1198,website
7cbc0d50,bad9aba085f53294,30/07/2020,04ac,ThinkPad Laptop,USD,1198,1198,website
7cf7575d,57c8bfe16e353383,23/09/2020,04ac,ThinkPad Laptop,USD,1198,1198,website
7e0d069f,2a06832a33853847,05/09/2021,04ac,ThinkPad Laptop,USD,1198,1198,website
7e0d069f,2a06832a33853848,05/09/2021,04ac,ThinkPad Laptop,USD,1198,1198,website
7e946247,30ebccb545c54072,28/10/2020,04ac,ThinkPad Laptop,USD,1198,1198,website
7ee7ea21,520ed307ccc54197,03/03/2020,04ac,ThinkPad Laptop,USD,1198,1198,website
7f1e5c50,73eba07b65b54289,14/11/2021,04ac,ThinkPad Laptop,USD,1198,1198,website
7f774e31,683c3ef998654453,01/07/2020,04ac,ThinkPad Laptop,USD,1198,1198,website
7f9fb118,a71a1f1ae9354510,13/04/2022,04ac,ThinkPad Laptop,USD,1198,1198,website
7faf63c1,170cd9eafb654533,28/02/2021,04ac,ThinkPad Laptop,USD,1198,1198,website
7fe240b2,15730e5aede54621,07/02/2019,04ac,ThinkPad Laptop,USD,1198,1198,website
805d2dfd,25898b42c4454784,04/09/2022,04ac,ThinkPad Laptop,USD,1198,1198,website
805d2dfd,25898b42c4454785,04/09/2022,04ac,ThinkPad Laptop,USD,1198,1198,website
8074e3b2,58cbe818bf954840,16/01/2022,04ac,ThinkPad Laptop,USD,1198,1198,website
80a86b9b,eb002dc144754917,31/03/2022,04ac,ThinkPad Laptop,USD,1198,1198,website
816a6333,c05dc55d8c155215,21/03/2020,04ac,ThinkPad Laptop,USD,1198,1198,website
81c08996,6bb82cc3db155334,29/04/2022,04ac,ThinkPad Laptop,USD,1198,1198,website
81d88437,4616e300ddd55379,15/06/2022,04ac,ThinkPad Laptop,USD,1198,1198,website
81dc7365,673448deb4855387,21/04/2021,04ac,ThinkPad Laptop,USD,1198,1198,website
83066e4a,70b6a9aeaec55833,17/07/2020,04ac,ThinkPad Laptop,USD,1198,1198,website
8490f588,b737d6b5c2456386,17/11/2019,04ac,ThinkPad Laptop,USD,1198,1198,website
85dd0c33,0ce1439062356939,31/12/2022,04ac,ThinkPad Laptop,USD,1198,1198,website
85ec8832,6d297959ad356972,29/10/2021,04ac,ThinkPad Laptop,USD,1198,1198,website
8759c30c,c798c0f9b1557537,15/05/2020,04ac,ThinkPad Laptop,USD,1198,1198,website
889b1367,2597ace893358013,25/05/2021,04ac,ThinkPad Laptop,USD,1198,1198,website
88ce1024,8a595d876c358100,30/01/2021,04ac,ThinkPad Laptop,USD,1198,1198,website
88eb110f,517dbe73a0758164,05/10/2020,04ac,ThinkPad Laptop,USD,1198,1198,website
88eb110f,517dbe73a0758165,05/10/2020,04ac,ThinkPad Laptop,USD,1198,1198,website
89aa7473,a507181c5bf58467,05/07/2022,04ac,ThinkPad Laptop,USD,1198,1198,website
89aa7473,a507181c5bf58468,05/07/2022,04ac,ThinkPad Laptop,USD,1198,1198,website
89fe242b,bbcb88143a158596,27/11/2019,04ac,ThinkPad Laptop,USD,1198,1198,website
8a9aeb6b,84d0507341358863,22/04/2022,04ac,ThinkPad Laptop,USD,1198,1198,website
8b1ef895,9b83f5355e959116,11/07/2020,04ac,ThinkPad Laptop,USD,1198,1198,website
8ba9a4f3,aeb7f104a2d59317,03/04/2021,04ac,ThinkPad Laptop,USD,1198,1198,website
8c52ad51,1bf3991df6659601,14/05/2020,04ac,ThinkPad Laptop,USD,1198,1198,website
8c9d3b79,b1ba70691f659734,01/08/2020,04ac,ThinkPad Laptop,USD,1198,1198,website
8ce649f5,e5083dfa24759867,28/01/2020,04ac,ThinkPad Laptop,USD,1198,1198,website
8ce649f5,e5083dfa24759868,28/01/2020,04ac,ThinkPad Laptop,USD,1198,1198,website
8da8875e,2d62264f1ea60159,21/06/2022,04ac,ThinkPad Laptop,USD,1198,1198,website
8dff97a1,eb8fab254d160292,25/09/2022,04ac,ThinkPad Laptop,USD,1198,1198,website
8e1dfeff,9563a472f3e60344,23/09/2020,04ac,ThinkPad Laptop,USD,1198,1198,website
8f1ad7e8,dd90b413b6a60778,21/03/2019,04ac,ThinkPad Laptop,USD,1198,1198,website
8fd76317,514dd0a7eca61060,23/09/2020,04ac,ThinkPad Laptop,USD,1198,1198,website
8fd76317,514dd0a7eca61061,23/09/2020,04ac,ThinkPad Laptop,USD,1198,1198,website
8fd76317,514dd0a7eca61062,23/09/2020,04ac,ThinkPad Laptop,USD,1198,1198,website
90d003bc,4a8df3fa0e961402,25/09/2020,04ac,ThinkPad Laptop,USD,1198,1198,website
90d003bc,4a8df3fa0e961403,25/09/2020,04ac,ThinkPad Laptop,USD,1198,1198,website
91a6a809,612c1fa8fe261756,24/01/2020,04ac,ThinkPad Laptop,USD,1198,1198,website
91a6a809,612c1fa8fe261757,24/01/2020,04ac,ThinkPad Laptop,USD,1198,1198,website
9321f54d,5ed10ed58d462439,29/09/2020,04ac,ThinkPad Laptop,USD,1198,1198,website
93775d91,c4b6b3bf04d62541,18/04/2020,04ac,ThinkPad Laptop,USD,1198,1198,website
944cb420,bfc11eb05c662845,15/11/2022,04ac,ThinkPad Laptop,USD,1198,1198,website
94c98db0,4b8b0ce823463050,30/10/2020,04ac,ThinkPad Laptop,USD,1198,1198,website
951b595d,510165f03e363213,19/07/2020,04ac,ThinkPad Laptop,USD,1198,1198,website
96781fa1,727018e9fc663721,23/01/2021,04ac,ThinkPad Laptop,USD,1198,1198,website
96ff66e2,fe07f8d57eb63963,15/05/2020,04ac,ThinkPad Laptop,USD,1198,1198,website
975257be,e842749025264085,29/10/2021,04ac,ThinkPad Laptop,USD,1198,1198,website
97b18a1b,33c4985344564233,23/03/2019,04ac,ThinkPad Laptop,USD,1198,1198,website
97efc660,2a896abeba264321,06/02/2021,04ac,ThinkPad Laptop,USD,1198,1198,website
98724c15,de8fb36da1d64509,26/01/2021,04ac,ThinkPad Laptop,USD,1198,1198,website
9aa115f1,762cb883ac365379,25/08/2020,04ac,ThinkPad Laptop,USD,1198,1198,website
9b0adf5a,d9975e241b265548,01/08/2022,04ac,ThinkPad Laptop,USD,1198,1198,website
9b88706b,f08db29a51d65747,11/10/2021,04ac,ThinkPad Laptop,USD,1198,1198,website
9bb7dee6,1066aa59a4f65836,04/07/2020,04ac,ThinkPad Laptop,USD,1198,1198,website
9be8d9cb,9354d0bbb0365924,05/05/2020,04ac,ThinkPad Laptop,USD,1198,1198,website
9cb7b44b,d61ebe3e71166269,26/07/2020,04ac,ThinkPad Laptop,USD,1198,1198,website
9efc51bd,3dc2edced7e67203,20/04/2022,04ac,ThinkPad Laptop,USD,1198,1198,website
9f5ea2c4,ee500a61b6667388,11/04/2020,04ac,ThinkPad Laptop,USD,1198,1198,website
9f7d405b,8e9bfb722c967444,23/06/2019,04ac,ThinkPad Laptop,USD,1198,1198,website
9f8c9efe,61604f0e85c67471,23/03/2020,04ac,ThinkPad Laptop,USD,1198,1198,website
a0378f7d,56f0537e78067749,01/01/2020,04ac,ThinkPad Laptop,USD,1198,1198,website
a0378f7d,56f0537e78067750,01/01/2020,04ac,ThinkPad Laptop,USD,1198,1198,website
a0d2a84e,da6b291c15c68037,03/07/2021,04ac,ThinkPad Laptop,USD,1198,1198,website
a1d75ac6,a0b5c1333de68460,15/12/2020,04ac,ThinkPad Laptop,USD,1198,1198,website
a22f1e18,f14b52e22fc68590,28/11/2020,04ac,ThinkPad Laptop,USD,1198,1198,website
a2432fcb,2bc7313373a68625,14/03/2020,04ac,ThinkPad Laptop,USD,1198,1198,website
a2ba8c3f,96fb7c29ec068825,28/08/2020,04ac,ThinkPad Laptop,USD,1198,1198,website
a2f153ab,0e5edf7d58968922,26/08/2019,04ac,ThinkPad Laptop,USD,1198,1198,website
a413da29,7fc698a7fbc69422,18/12/2020,04ac,ThinkPad Laptop,USD,1198,1198,website
a46e892f,45a6960925369601,28/05/2019,04ac,ThinkPad Laptop,USD,1198,1198,website
a46f9da0,a148c32beab69603,29/05/2021,04ac,ThinkPad Laptop,USD,1198,1198,website
a500bb66,82e6d21c86f69846,08/09/2020,04ac,ThinkPad Laptop,USD,1198,1198,website
a500bb66,82e6d21c86f69847,08/09/2020,04ac,ThinkPad Laptop,USD,1198,1198,website
a6c54fe3,150b004a02370665,13/06/2022,04ac,ThinkPad Laptop,USD,1198,1198,website
a789cf46,758da59c62870973,31/01/2021,04ac,ThinkPad Laptop,USD,1198,1198,website
a789cf46,758da59c62870974,31/01/2021,04ac,ThinkPad Laptop,USD,1198,1198,website
a7c98e06,9c0c8a7eb8771067,08/09/2019,04ac,ThinkPad Laptop,USD,1198,1198,website
a7c98e06,9c0c8a7eb8771068,08/09/2019,04ac,ThinkPad Laptop,USD,1198,1198,website
a92049f4,4200b4ecb7171678,15/06/2022,04ac,ThinkPad Laptop,USD,1198,1198,website
a9c1e593,348bac1650d71968,28/05/2020,04ac,ThinkPad Laptop,USD,1198,1198,website
a9cc11d5,8b08894a14771985,06/04/2019,04ac,ThinkPad Laptop,USD,1198,1198,website
a9df9cf2,71c9a42659772022,24/02/2021,04ac,ThinkPad Laptop,USD,1198,1198,website
a9f6f030,eaf786421ca72062,11/06/2019,04ac,ThinkPad Laptop,USD,1198,1198,website
aa370242,b4986ec0fb872158,06/03/2022,04ac,ThinkPad Laptop,USD,1198,1198,website
aa5475a0,21e5a87c28a72211,23/03/2021,04ac,ThinkPad Laptop,USD,1198,1198,website
aa5b8a09,242df0875b472227,30/05/2021,04ac,ThinkPad Laptop,USD,1198,1198,website
aa697d0c,ca33aab1efe72247,30/05/2019,04ac,ThinkPad Laptop,USD,1198,1198,website
aa707f86,a82437b412e72262,15/10/2021,04ac,ThinkPad Laptop,USD,1198,1198,website
aa813851,1237c8e63c272297,05/05/2022,04ac,ThinkPad Laptop,USD,1198,1198,website
ab140539,347c6ee745f72540,04/03/2021,04ac,ThinkPad Laptop,USD,1198,1198,website
ab1d5a29,22d4a968d9c72561,11/04/2020,04ac,ThinkPad Laptop,USD,1198,1198,website
acac53d8,ec9a610c87973158,22/12/2020,04ac,ThinkPad Laptop,USD,1198,1198,website
acac53d8,ec9a610c87973159,22/12/2020,04ac,ThinkPad Laptop,USD,1198,1198,website
acbe8198,4153adbe5cd73187,20/07/2020,04ac,ThinkPad Laptop,USD,1198,1198,website
ad60c0c8,69c1ecdae6f73467,18/03/2020,04ac,ThinkPad Laptop,USD,1198,1198,website
aeb291a4,d2725489a7274035,20/05/2021,04ac,ThinkPad Laptop,USD,1198,1198,website
aef54900,ffc7bdf7c6074150,04/08/2021,04ac,ThinkPad Laptop,USD,1198,1198,website
af7b8665,a0c1a12030f74351,18/08/2021,04ac,ThinkPad Laptop,USD,1198,1198,website
af7ebaae,bac553e552074363,03/11/2020,04ac,ThinkPad Laptop,USD,1198,1198,website
b035821d,d531a73369574683,15/10/2021,04ac,ThinkPad Laptop,USD,1198,1198,website
b1154c04,6a7be43dfae75057,14/06/2022,04ac,ThinkPad Laptop,USD,1198,1198,website
b1fdda4b,a579a9e231f75419,07/11/2020,04ac,ThinkPad Laptop,USD,1198,1198,website
b3f00978,86c60067d9276265,27/03/2020,04ac,ThinkPad Laptop,USD,1198,1198,website
b42a6dc9,6107357618776370,27/10/2020,04ac,ThinkPad Laptop,USD,1198,1198,website
b42f3ce4,d15e7524f8e76377,24/07/2021,04ac,ThinkPad Laptop,USD,1198,1198,website
b46582ee,5b5969f378876442,12/04/2022,04ac,ThinkPad Laptop,USD,1198,1198,website
b5dee86f,b28e594272277046,28/03/2022,04ac,ThinkPad Laptop,USD,1198,1198,website
b67312ee,1219dc343b477308,12/03/2020,04ac,ThinkPad Laptop,USD,1198,1198,website